Date,Cleaned_Text,Sentiment,Sentiment_Score,LikesCount,CommentsCount
2022-09-07 17:12:32+00:00,neat comparison heard would say co like disco ball energy collide countless molecule bounce around atmosphere,Positive,0.743,2,
2022-09-08 14:51:13+00:00,excellent way visualise invisible thanks,Positive,0.765,0,
2022-09-07 17:19:41+00:00,coghg troposphere affect stratosphere warmer troposphere must expanding,Positive,0.296,1,3.0
2022-09-08 00:51:30+00:00,excellent post defo feel difference one drink make feel sick,Positive,0.1027,4,
2022-09-07 19:06:20+00:00,yes carbon dioxide harm earth like people making fake climate change rhetoric usual,Negative,-0.34,16,26.0
2022-09-15 17:10:57+00:00,excellent examplevery relatable gen pop complex topicsexplained understandable way,Positive,0.5719,4,1.0
2022-09-07 17:31:25+00:00,proud whoever created content please feel good today,Positive,0.8519,10,
2022-09-07 18:07:53+00:00,earth ever concentration ppm,Neutral,0.0,1,21.0
2022-09-07 22:45:56+00:00,yes even half cup later poor soul gonna know,Negative,-0.1027,0,
2022-09-07 16:30:55+00:00,historical co data would make interesting post,Positive,0.4019,4,8.0
2022-09-07 16:13:39+00:00,northern hemisphere warm southern hemisphere,Positive,0.2263,6,28.0
2022-09-07 17:10:34+00:00,gonna,Neutral,0.0,1,6.0
2022-09-07 16:48:17+00:00,yes fall asleep decaf stay awake real coffee keep brown sadness water thanks,Positive,0.4019,3,
2022-09-07 16:29:02+00:00,plus literally measure heat retention effect co glass container lab,Neutral,0.0,18,1.0
2022-09-07 22:24:21+00:00,two abundant gas nitrogen oxygen comprise atmosphere neither trap heat definition greenhouse gas trace gas live remaining bad co naturally sparse co naturally abundant like oxygen emission wouldnt matter wed negligible impact co naturally sparse emission matter lot fact onethird co atmosphere due human activity stop emitting pull co weve already emitted atmosphere stabilize climate,Negative,-0.3369,3,
2022-09-07 17:30:50+00:00,thats excellent way illustrate ppm,Positive,0.5719,14,
2022-09-07 17:29:49+00:00,find interesting people claim co cant possibly cause earth warming trace gas yet people would acknowledge trace gas responsible plant life earth,Positive,0.6808,40,3.0
2022-09-07 17:15:55+00:00,love post great pedagogy,Positive,0.8519,1,
2022-09-07 17:26:16+00:00,kathy schulz,Neutral,0.0,0,1.0
2022-09-07 16:25:32+00:00,drink,Neutral,0.0,0,
2022-10-08 11:58:59+00:00,thats good analogy thought another one involving absorption em wave though visible might try putting small amount cc blue die litre bottle water water faint blue tinge,Negative,-0.25,0,
2022-09-07 16:05:17+00:00,great advice,Positive,0.6249,0,
2022-09-07 16:25:20+00:00,thanks sharing,Positive,0.6908,0,
2022-09-15 16:05:08+00:00,excellent,Positive,0.5719,0,
2022-09-08 21:32:25+00:00,good coffee bean get jittery,Positive,0.4404,0,
2022-09-10 14:03:08+00:00,,Neutral,0.0,1,
2022-09-10 21:41:15+00:00,,Neutral,0.0,0,
2023-08-13 18:38:05+00:00,hlw,Neutral,0.0,0,
2022-09-07 17:05:34+00:00,decaf like mouth mouth caffeinated defibrillator electric jolt,Positive,0.3612,0,
2022-11-30 10:18:53+00:00,maybe happened marswe messed came againmeant joke wouldnt surprised,Negative,-0.2182,4,7.0
2022-11-30 10:13:48+00:00,average temperature importantbut difference night day season,Neutral,0.0,1,1.0
2022-11-29 18:34:36+00:00,always fun watching dropout pretend argue science nasa,Positive,0.128,21,5.0
2022-11-29 18:37:59+00:00,whenever nasa post good peer reviewed science make sure read comment see nut job say,Positive,0.6369,19,1.0
2022-11-29 18:29:22+00:00,due carbon,Neutral,0.0,3,
2022-12-15 06:02:09+00:00,maybe fox investigative journalist would understand physic climate change danger present would expose propaganda fossil fuel industry mock like aoc trying make real change read thiswatch real investigative reporter hard data fox charlatan watch learn,Negative,-0.7717,3,5.0
2022-11-29 20:25:36+00:00,inch rate continues accelerate glad,Positive,0.4588,1,
2022-11-29 21:33:48+00:00,simply cant mess science data collected thousand scientist researcher take politician finally take stance actually globally combat climate change,Negative,-0.0747,2,
2022-11-29 18:39:45+00:00,cue science graduate university google facebook youtube,Neutral,0.0,5,2.0
2022-11-29 18:28:44+00:00,thats horrendous,Negative,-0.5859,3,
2022-11-29 18:30:13+00:00,say bye bye florida,Neutral,0.0,0,2.0
2022-11-30 04:57:27+00:00,sustainability v stability climate change solution must,Positive,0.3182,1,
2023-12-02 16:41:56+00:00,dutchy holland maybe better move level apartment building,Positive,0.4404,1,1.0
2022-11-29 19:49:25+00:00,yet many westerner dont believe understand simple science behind global warming bigoil still much power,Positive,0.1531,12,23.0
2022-12-05 13:56:09+00:00,di pulau jawa indonesia sering gempa sekarang,Neutral,0.0,0,
2022-11-30 02:38:06+00:00,andrew bidi apropo de conversatia noastra vazut asta si zis sa iti arat,Neutral,0.0,0,
2023-01-06 19:06:41+00:00,greenhouse effect concerned infrared radiation given earth sun radiation basically pass oxygen nitrogen earth atmosphere land earth surface absorbed reflected back atmosphere part radiation bounce greenhouse gas return absorbed earth greenhouse gas ghgs water vapor ho carbon dioxide co nitrous oxide methane ch long co remain atmosphere difficult question several process remove carbon dioxide atmosphere co released air dissolve ocean period year rest removed several hundred thousand year according ipcc fourth assessment report co increase removed atmosphere within year another removed within century remaining may stay atmosphere thousand year mean could stop carbon dioxide emission tomorrow carbon dioxide atmosphere would continue warm climate thousand year methane ch contrast persists year thus even though methane time potent carbon dioxide effect relatively shortlived furthermore methane increased ppb ppb today notice part per billion part per million emission carbon dioxide atmosphere causing global warming much earth warm year depends upon many billion ton carbon dioxide emitted atmosphere general rule trillion ton additional carbon dioxide atmosphere actually billion translate ppm additional carbon dioxide also ppm additional carbon dioxide translates f c global warming verified fact preindustrial carbon dioxide ppm ppm period planet warmed c scientist measured amount atmospheric carbon dioxide corresponds ppm found corresponds billion metric ton co atmosphere therefore order increase global temperature c would need x billion billion metric ton carbon dioxide metric ton equal kilogram x pound u country world use metric ton world pumped billion metric ton u gt carbon dioxide atmosphere average per caput emission carbon dioxide metric ton per person per year year billion people therefore businessasusual scenario expect world emit x billion metric ton atmosphere per year average billion ton next year ie accumulation trillion ton co less tt due carbon sink ocean almost saturated co world accumulation tt carbon atmosphere dividing trillion ton co million c f mean world f warmer rise sea level come two distinct process water expansion foot due added f increased temperature melting ice mainly greenland foot antarctica foot total foot well increased extraction groundwater due irrigation although usually notice water expands slightly get warmer second potentially greater contribution rising sea level come melting glacial ice antarctica ice greenland ice trillion ton ice remaining tied continental glacier except himalaya melt greenland completely melt raise sea level foot meter antarctica completely melt add foot meter sea level rise year predict fossil fuel almost depleted coal may last temperature rise level model predicts greenland losing gt ice per year end century resulting foot sea level rise addition antarctica add another foot sea level rise adding foot thermal warming result sea level rise foot add foot due melting west antarctic ice sheet wais due collapse pine island thwaites glacier foot sea level rise end century noaa national oceanic atmospheric administration state ocean could rise foot worsecase scenario namely complete collapse wais effect would foot sea level rise u miami one vulnerable place rising sea million american would see home permanently flooded sea level rise foot sea level rise foot million american would see home permanently flooded new study predicts many million american coastal area relocate sea level rise foot meter expect likely scenario addition sealevel rise global warming contributing increase spread insectborne illness cropdamaging pest example disease zika dengue fever chikungunya transmitted mosquito pick disease biting infected people spreading people subsequent bite research shown warmer temperature shorten incubation period mean disease spread rapidly warmer temperature also tend increase geographic range insect global warming also translates extreme weather event higher temperature mean increase energy atmosphere ocean energy drive weather cannot attribute particular storm global warming tie overall trend global warming make logical sense warm ocean water give birth intense weather generally hurricane cannot survive long sea surface cooler f c longer ocean water stay f opportunity hurricane blossom lastly global warming result drought flood water scarcity demand water tripled past year currently half billion people live waterstressed country number expected increase billion vast majority fresh water used agriculture u east coast much water supply come surface water whereas midwest get water supply combination surface water well water well water come underground aquifer ogallala aquifer present rate withdrawal part ogallala aquifer water available irrigation another year,Positive,0.9871,0,
2022-11-30 04:56:29+00:00,plastic pollution,Neutral,0.0,0,1.0
2023-07-13 16:46:20+00:00,born spend lot time outdoors getting hotter storm getting intense,Positive,0.0772,19,15.0
2023-07-07 17:45:13+00:00,move sahara desert use solar energy tree cut sahara,Neutral,0.0,2,
2023-07-26 17:43:08+00:00,start directly measure temperature,Neutral,0.0,0,
2023-07-08 00:05:17+00:00,,Neutral,0.0,1,
2023-07-10 20:00:56+00:00,earth sun screen collaborative earthling launch lightweight material thin film darkened tinted plastic lightweight barrier carbon fiber outer space act sunscreen awning louver pergola earth sun placed orbit block hottest portion sun ray trojan point lagrange point place orbiting body gravity equilibrium equal pull direction wherein object stuck suspended orbiting body appears motionless sky point earth sun called l lagrange andis located approx week journey earth possible timeline square mile material needed launch square mile sun screen material per launch launch would needed assemble full sun screen panel meaning initial sunscreen could theory fully installed year orbital earth sun screen could uv blocking tinted different color change color output sun light benefit amplify plant life less heat bad uv ray acting tint sunglass also uv light filter blocking harmful uv ray changing output color sun help plant grow faster less direct uv heat orbital sunscreen could act thermostat control sun output earth giving mankind climate control take week get l lagrange point maintenance service crew change mission possible permanent fix delaying action someone calculate big solid object spaced apart panel would degree effect etc would benefit come adjustable tint change uv output polarization earth plantlife benefit change output color plantlife benefit thanks help info matter,Positive,0.7564,2,
2023-09-01 16:10:07+00:00,creator say climate abd weather amos also withhold rain harvest still three month away sent rain one town withheld another one field rain another none dried zechariah ask lord rain season spring rain lord make rain cloud give shower rain crop field everyone john wind blow pleases hear sound dont know come going everyone born spirit,Positive,0.5267,1,
2023-07-08 14:48:49+00:00,awesome maybe start growing palm tree front yard,Positive,0.7003,2,
2023-07-12 20:30:32+00:00,climate action also important dont miss week firelight chat wednesday climate marianne joined peter kalmus climate scientist author change live well spark climate revolution watch stream live directly website mariannecom follow facebook twitter youtube wednesday july th pm et pm pt,Positive,0.6421,1,
2023-07-19 07:30:21+00:00,please urge political representative wake fight fossil fuel industry,Negative,-0.0772,2,
2023-07-27 18:53:34+00:00,republican would rather boil planet destroy life future generationsthan admit liberal scientist correct climate change literally simple,Negative,-0.4019,4,
2023-07-26 15:29:36+00:00,planet earth warming fast hurricane flooding spontaneous fire occurring often intensity,Negative,-0.2023,2,
2023-07-13 16:33:35+00:00,theyre aware,Neutral,0.0,5,1.0
2023-07-08 11:55:35+00:00,heat planet measured accurately unless body thermometer placed space sensitive part earth would accurate measure anything imprisoning whole thermometer,Neutral,0.0,1,1.0
2023-07-07 21:27:29+00:00,guess need reduce co emission,Neutral,0.0,4,6.0
2023-07-10 15:18:43+00:00,,Neutral,0.0,2,1.0
2023-07-11 01:44:32+00:00,nothing see folksmove right along,Neutral,0.0,2,
2023-07-24 15:58:50+00:00,im disagreement someone say heat wave prove current climate science wrong co level climate change good counterpoint make,Negative,-0.4019,1,2.0
2023-07-07 23:26:01+00:00,speedrunning global ecosystem collapse,Negative,-0.4939,9,
2023-07-08 21:01:39+00:00,,Neutral,0.0,1,
2023-07-07 16:37:57+00:00,,Neutral,0.0,0,
2023-07-13 22:50:26+00:00,wonder whats causing heat wave starting measuring global temp,Neutral,0.0,1,1.0
2023-07-07 22:54:55+00:00,joni shepherd silva charles silva,Neutral,0.0,0,
2023-07-12 02:46:45+00:00,genesis hc,Neutral,0.0,0,
2023-09-15 11:35:56+00:00,,Neutral,0.0,0,
2023-07-11 20:20:23+00:00,cc way predict accurately,Neutral,0.0,0,2.0
2023-07-09 18:37:53+00:00,,Neutral,0.0,1,
2023-07-14 23:10:32+00:00,dont worrythe uneducated oil sycophant magats assure u weather,Positive,0.34,0,
2023-07-07 15:57:35+00:00,,Neutral,0.0,1,
2023-07-29 20:56:19+00:00,suzie woodruffgray,Neutral,0.0,0,
2023-07-26 18:18:19+00:00,,Neutral,0.0,0,
2023-07-26 18:17:45+00:00,,Neutral,0.0,0,
2023-07-19 15:16:59+00:00,dear world ever time world unite would invite planet earth join giving beautiful planet day day week sunday requirement needed happen become reality rest world spending billion uncertainty save planet trying cool itbut cooling changing amount emission earth atmosphere watching reading beingattempted done like watching movie groundhog day trial errorunknown resultsuncertaintyknowing damage destructionand anyway repeat hasnt ever time promoting riskeffective solution save planet earth eliminating amount emission planet turning free result immediate maybe change amount emission atmosphere yr agobut earth got rest day week absolutely rejuvenate used needed earth efficient effective stop experimenting much uncertainty potentially destructive jwork promoting world give earth sunday shut maybe result would miraculous would heal planet quicker wed ever imagine never know done make great experiment save planet time waste wildfire fire war escalated time left act immediately knowing result tomorrow uncertainty shut day week thanks spread word,Positive,0.9401,1,
2021-09-23 18:12:08+00:00,thank nasa climate change patience thoroughness denier remarkable need scientist like explain thing average person hope see discussion like world number one problem one want talk,Positive,0.8555,10,
2021-09-23 14:46:40+00:00,miss old school america turned scientist doctor advice issue climate public health,Negative,-0.1531,24,
2021-09-23 18:28:57+00:00,thank nasa explaining scientific evidence enjoy reading article know im scientist learning respect earth ultimate goal,Positive,0.8316,18,
2021-09-23 12:55:54+00:00,im amazed weve warned since greenhouse gas seen little done year hope awareness made would action,Positive,0.577,33,10.0
2021-09-23 07:53:27+00:00,last year variance reduced half probably mean ocean absorbing releasing energy faster used could cause result severe weather system guessing,Negative,-0.128,10,6.0
2021-09-23 17:36:51+00:00,question help u could little everyday know many people dont recicle amount trash dumped oceanslakes river mountain huge really care lost think make world better place lest get informed help let doit new generation,Positive,0.8323,0,
2021-09-22 23:33:48+00:00,time really something different time build back better better better,Positive,0.8271,9,1.0
2021-09-23 19:46:23+00:00,year data cmon weve going cycle eon,Neutral,0.0,1,5.0
2021-09-23 17:16:06+00:00,dont understand graph mean,Neutral,0.0,0,1.0
2021-09-27 15:22:05+00:00,question nasa air greenhouse heated solar radiation increase solar radiation temperature would also increase temperature temperature outside earth atmosphere boiling point water approx c possible increase could affect atmosphere also heated cosmic radiation could affect temperature come mind p theory outdoor public unheated pool come along warm spot water know mean solar system could traveling heated radiation cloud milky way galaxy chaotic catastrophic event stellar birth life death throughout cloud jet superheated radiation blasted space well might entering space closer home one look frosted window winter morning light sun hit temperature freezing sun ray melt frost back question beating dead horse hope ride forever,Negative,-0.802,0,2.0
2021-09-23 19:01:20+00:00,human understanding life earth started study funny universe allows u pretend clue warmer earth actually mean,Positive,0.5719,0,1.0
2021-09-23 17:34:40+00:00,,Neutral,0.0,0,
2021-10-04 14:52:50+00:00,boat think didnt stop oil production water would evaporate go outside earth,Positive,0.2235,0,
2021-09-24 20:40:54+00:00,omg slope blue line yellow line purple line green line keep getting steeper heating heating faster insane eruption cooling periodswonder cooling period,Negative,-0.4019,1,
2021-09-24 06:59:31+00:00,thank nasa continuing highlight climate catastrophe please keep conversation going lot ignorance overcome impact climate change already causing devastation ecology environment need campaign lobby government bring legislation quickly,Negative,-0.5267,1,
2021-09-24 02:44:02+00:00,sukhwinder singh,Neutral,0.0,0,
2021-09-24 02:06:00+00:00,dont know much think humanity need start taking better care planet happened cleaner energy source,Positive,0.836,0,
2021-09-23 21:25:04+00:00,understand even reduced emission preindustrial age level still many meter sea level rise baked ocean society evolved relatively stable climate holocene time developed adaptation approach society recognize transformation inevitable entered anthropocene society adapt still unclear,Positive,0.0516,5,5.0
2021-09-23 21:04:00+00:00,anthropogenic global warming one symptom larger problem fact exceeded capacity planet support u currently idea build sustainable high technology civilisation ie one us finite natural resource generates pollution produce nonrecyclable waste moving away fossil fuel necessary nowhere near sufficient recent paper say cannot stress enough nonfossil energy regime simply cannot support anywhere close present human population nearly eight billion urgently necessitates reducing human number rapidly possible avoid unprecedented level social unrest human suffering coming decade,Positive,0.3468,1,1.0
2021-09-23 20:22:47+00:00,someone forgot mention florida supposed warming havent average summer year miss childhood summer swimming option,Neutral,0.0,1,1.0
2021-09-23 19:50:48+00:00,hot,Neutral,0.0,0,
2021-09-23 19:32:26+00:00,id like go back please,Positive,0.5859,1,2.0
2021-09-23 19:19:59+00:00,sun changed year warmer earth,Positive,0.296,0,1.0
2021-09-23 19:19:04+00:00,climate change made scenario dems seems never complain pollution garbage rd world country america clean energy,Positive,0.7105,13,18.0
2021-09-23 17:41:49+00:00,denier always statement,Negative,-0.3612,5,2.0
2021-09-23 16:28:21+00:00,taking year temperature reading planet billion year old use form meaningful conclusion find pattern would interviewing year old person less one second use information write complete biography,Positive,0.3182,26,18.0
2021-09-23 16:23:44+00:00,havent seen difference anywhere go ahead push agenda though,Neutral,0.0,6,11.0
2021-09-23 16:21:44+00:00,dont people believe science dont understand,Neutral,0.0,2,
2021-09-23 16:21:13+00:00,remember planet live also went ice ageit go cycle j,Neutral,0.0,0,10.0
2021-09-23 16:03:59+00:00,also get data left say year span,Neutral,0.0,0,5.0
2021-09-23 15:46:41+00:00,difficulty arguing science scientist know talking,Negative,-0.6597,19,
2021-09-23 15:30:24+00:00,worth remembering land surface red graph warm twice rate global mean temperature rise green arctic warming around three time faster global mean c global warming would mean c average warming land c arctic huge change space human lifetime would struggle adapt best something soonish,Positive,0.8689,43,8.0
2021-09-23 15:26:38+00:00,three eruption dumped huge amount pollution atmosphere gas create atmospheric warming,Positive,0.3182,9,6.0
2021-09-23 15:15:01+00:00,thought stock market chart indicator,Neutral,0.0,0,
2021-09-23 13:52:56+00:00,year temperature anomaly degree,Neutral,0.0,3,11.0
2021-09-23 13:37:52+00:00,scientific denial coming middle age people dening nasa observation scientific conclusion internet realising stupidity whats next flat earth,Negative,-0.4404,15,5.0
2021-09-23 13:29:17+00:00,wow cool rather cool,Positive,0.8126,0,
2021-09-23 13:22:46+00:00,caused cooling ww,Neutral,0.0,0,2.0
2021-09-23 10:51:55+00:00,going something,Neutral,0.0,3,
2021-09-23 06:16:50+00:00,vamos pariba,Neutral,0.0,0,
2021-09-23 04:00:16+00:00,download data,Neutral,0.0,0,1.0
2021-09-23 01:59:05+00:00,hope best still hot idea react crazy weather everything going moment think pray mercy,Positive,0.8591,1,2.0
2021-09-23 01:56:21+00:00,going get bad,Negative,-0.5423,0,
2021-09-23 01:14:47+00:00,also uk lost much sea grass also like tree effective taking co cycle quite,Positive,0.5106,22,3.0
2021-09-23 00:55:02+00:00,need two thing ensure specie continuation find planet quickly need deep space exploration must literally family space ensure continuation save planet really crack law littering pollution strippingmining tree even animal becoming extinct,Positive,0.8519,1,10.0
2021-09-22 23:09:53+00:00,oh think need done reducing carbon emission hope plan b plan c work,Positive,0.4404,3,5.0
2021-09-22 22:45:02+00:00,survival fittest whether aware cause,Neutral,0.0,6,5.0
2021-09-22 22:11:46+00:00,love watch nasa dunk people think debunk climate change,Positive,0.6369,110,3.0
2021-09-22 20:23:40+00:00,gambling man id look pattern every year temperature risen one following cooler wouldnt surprised see pattern broken though,Negative,-0.5812,4,36.0
2021-09-22 19:58:26+00:00,think september since nothing done stop warming trend somewhere,Positive,0.1139,18,
2020-09-16 16:04:37+00:00,lie compare actual recorded temp chart lie blatant actually higher claim chart,Neutral,0.0,1,5.0
2020-09-16 01:51:19+00:00,scientist claimed headed ice age late yea everybody believe science scientist say,Neutral,0.0,8,11.0
2020-09-17 14:36:44+00:00,show correlation earth temperature sun activity,Neutral,0.0,0,3.0
2020-09-17 14:28:06+00:00,magnetic north moved mile year since think qualifies lifetime,Neutral,0.0,0,3.0
2020-09-17 04:33:45+00:00,looking sunspot data since recording correlation effect climate research show sunspot huge effect climate mention effect volcanic eruption example mt st helen erupted cooled earth entire temperature degree,Positive,0.3182,0,9.0
2020-09-17 03:17:52+00:00,need spread data saying human dont need efficient lot spike valley,Negative,-0.3252,0,1.0
2020-09-17 02:42:54+00:00,climate change scientist never show debate climate change earth surface risen whole degree last year yall never showed debate shocking,Positive,0.3089,2,10.0
2020-09-17 02:24:09+00:00,billion asphalt earth world able cool asphalt due fact holding heat wake stupid people yes thing contribute also main problem asphalt,Negative,-0.2732,2,1.0
2020-09-17 01:40:07+00:00,cause earth core increase much increased last year,Positive,0.5267,0,1.0
2020-09-16 20:13:41+00:00,theory free dammed river world let river flow sea like god intended man plan god laughswe planet water dam river disrupt rotation earth thus causing global warming,Positive,0.8625,0,6.0
2020-09-16 19:31:12+00:00,know axis moved move ever know whydont tell climatic change,Neutral,0.0,0,2.0
2020-09-16 18:31:46+00:00,going mar mar warming faster earth oh think might cycle sun cannot anything youre worried air pollution u done good job go talk china india theyre pretty much world leader pollution,Positive,0.8219,1,5.0
2020-09-16 16:27:22+00:00,real story show year cycle ice age warm period,Positive,0.2263,2,8.0
2020-09-16 16:24:50+00:00,isnt disingenuous show increase temperature since coldest year last year,Negative,-0.2411,1,1.0
2020-09-16 15:15:02+00:00,start go back lest year want kind climate picture,Positive,0.5719,1,8.0
2020-09-16 14:52:43+00:00,hi nasa explain year would warmer co gas dramatically lowered pandemic denyer trying figure data,Positive,0.1779,0,11.0
2020-09-16 14:09:32+00:00,accountabilty fact north pole migrated far rewrite gps software since magnetic pole longer diametrically opposed weakens magnetosphere protects u cosmic radiation model account youre using science,Neutral,0.0,2,5.0
2020-09-16 12:45:23+00:00,im afraid nasa added list agency credibility wow list keep growing,Positive,0.6705,9,44.0
2020-09-16 12:33:31+00:00,nasa climate change thanks work dedication especially answering lot sceptic comment real scientific data keep great job,Positive,0.6943,16,31.0
2020-09-16 12:17:19+00:00,called fall,Neutral,0.0,2,3.0
2020-09-16 11:56:52+00:00,graph roman warm period medieval warm period,Positive,0.4215,1,6.0
2020-09-16 11:53:03+00:00,climate change political issue created left institute policy global warming cant proven exist,Positive,0.3818,0,19.0
2020-09-16 10:07:19+00:00,hasnt climate warming since ice age much earth tropical rain forrest including antarctica north pole tropical climate well earth getting back,Positive,0.167,2,7.0
2020-09-16 09:21:02+00:00,crap based false information scientist continue receive grant guy buy bull truly gullible,Positive,0.0772,4,25.0
2020-09-16 05:53:02+00:00,convenient start,Neutral,0.0,0,1.0
2020-09-16 04:43:38+00:00,vast majority earth history lot warmer modern human around tiny fraction time trilobite must green,Positive,0.296,2,5.0
2020-09-16 02:54:25+00:00,lot sun,Neutral,0.0,0,5.0
2020-09-16 02:53:35+00:00,wow almost warm medieval climate optimum around thousand year ago,Positive,0.6605,4,5.0
2020-09-16 02:43:14+00:00,continue back time whatever mean determine temperature,Neutral,0.0,0,5.0
2020-09-16 02:33:43+00:00,never climate change till strady shooting rocket space explore space word planet change blame car rocket file take lift get space,Negative,-0.34,3,1.0
2020-09-16 02:22:06+00:00,anyone else think climate change natural part earth cycle,Positive,0.3612,4,2.0
2020-09-16 01:54:53+00:00,alright caused ice age,Positive,0.25,1,3.0
2020-09-16 01:13:24+00:00,moonlandings climate change covid etc hoax dont buy,Negative,-0.2732,3,2.0
2020-09-15 23:03:53+00:00,southern hemisphere,Neutral,0.0,0,1.0
2020-09-15 22:54:01+00:00,remember everything new ice age happen read apocalypse never micheal sellenberger get real solid information,Positive,0.1531,16,6.0
2020-09-15 22:53:10+00:00,summer getting hotter winter getting colder result climate change,Neutral,0.0,2,23.0
2020-09-15 22:25:05+00:00,southern hemisphere gotten colder mean,Neutral,0.0,6,29.0
2020-09-15 22:18:48+00:00,reason change escalates drastically know saw huge spike co start industrial revolution chart see temp increase around time stay mostly steadyish roughly start spike,Positive,0.5574,2,22.0
2020-09-15 22:18:44+00:00,one go taking earth temperature know take temperature thats matter taking bunch temperature bunch location decide location,Neutral,0.0258,2,14.0
2020-09-15 22:15:12+00:00,start,Neutral,0.0,1,4.0
2020-09-15 22:08:48+00:00,oh dont worry prez said soon start cooling,Positive,0.3412,3,7.0
2020-09-15 22:05:34+00:00,climate change real,Neutral,0.0,5,12.0
2020-09-15 21:57:52+00:00,global warming happened happening happen probably ice age live life still,Positive,0.1531,10,12.0
2020-09-15 21:43:00+00:00,reason dust bowl thes,Neutral,0.0,4,7.0
2020-09-15 21:42:26+00:00,climate change believe there lot thing consider u lying democrat think always right u know,Negative,-0.5267,28,24.0
2020-09-15 21:41:48+00:00,link doesnt seem working repost,Neutral,0.0,0,2.0
2020-09-15 21:40:29+00:00,dont think science know,Neutral,0.0,15,8.0
2020-09-15 21:36:59+00:00,climate changing ridiculous think human change cause caused last ice age melt,Negative,-0.3612,16,8.0
2020-09-15 21:36:05+00:00,ord somethinglolol,Neutral,0.0,3,7.0
2020-09-15 21:30:35+00:00,sad thing look projected crude oil demand new coal fired power plant coming online next year graph continue increase exponentially,Negative,-0.8625,7,8.0
2021-09-23 17:33:32+00:00,dont worry start getting cooler youre freezing cold nobody talking global warming freeze end mild summer ca year,Positive,0.4226,0,1.0
2021-09-23 17:24:15+00:00,lower,Negative,-0.296,0,
2021-09-23 16:20:52+00:00,unfortunatelly,Neutral,0.0,0,
2021-09-23 16:20:04+00:00,speak climate change based data,Neutral,0.0,0,2.0
2021-09-23 16:00:27+00:00,okay studentsrepeat truth nuclear bomb either tested ground nuking foriegn country repeat lie air pollution causing global warming car factory coal factory air pollution exhaust fume vehicle candy factory whatever government eco friendly tree hugger say cuz wouldnt lie place thousand taxable regulation innocent people ever,Positive,0.6597,3,3.0
2021-09-23 15:35:49+00:00,christian actually read bible would know climate change completely biblical deny climate change deny bible,Negative,-0.6549,0,5.0
2021-09-23 15:25:33+00:00,one degree c year got,Neutral,0.0,1,9.0
2021-09-23 15:23:31+00:00,year data period global heating cooling lasted thousand year according geological data temperature could start downward cycle time,Neutral,0.0,11,13.0
2021-09-23 15:13:56+00:00,excellent report nasa bad living era celebrating ignorance,Positive,0.34,6,
2021-09-23 15:07:41+00:00,dalton van stratten interesting,Positive,0.4019,1,
2021-09-23 15:07:22+00:00,nasa climate thank,Positive,0.3612,6,1.0
2021-09-23 14:37:39+00:00,andy welborn,Neutral,0.0,0,
2021-09-23 14:37:35+00:00,planet hotter climate change people expert simple let put way planet b,Neutral,0.0,3,
2021-09-23 14:34:29+00:00,,Neutral,0.0,0,
2021-09-23 13:59:46+00:00,still tail end ice age earth supposed warming need sequester carbon mined turned gaseous phase,Positive,0.1531,1,3.0
2021-09-23 13:48:22+00:00,earth go cycle every often weather people keeping data short time want teach u earth behaves million year back present daythey full air,Positive,0.0772,10,6.0
2021-09-23 13:42:57+00:00,youre say need volcanic eruption blanket earth ash cool going need dr evil help,Negative,-0.1027,0,1.0
2021-09-23 13:38:47+00:00,thank postingand replying idiot denier,Negative,-0.5106,0,
2021-09-23 13:30:37+00:00,understanding dont account solar activityflares climate attribute data towards human caused change skews conclusion climate may changing human caused climate change almost negligible account data properly,Neutral,0.0,2,5.0
2021-09-23 13:19:12+00:00,much contribute sea level rise ocean would greatful answer,Neutral,0.0,1,4.0
2021-09-23 12:56:00+00:00,let see eon comparisonthis short sample ridiculous,Negative,-0.3612,1,3.0
2021-09-23 11:16:23+00:00,time man,Neutral,0.0,0,1.0
2021-09-23 05:54:34+00:00,think neutralize global warming,Positive,0.1531,1,1.0
2021-09-23 02:23:15+00:00,quit chopping forest maybe may help someone going tell doesnt play role,Positive,0.169,6,7.0
2021-09-23 02:08:08+00:00,meziah jolley money exactly,Neutral,0.0,0,
2021-09-23 02:04:13+00:00,blah blah blah nothing man stop create remember scientist said next ice age coming al gore said world wouldnt make remember many time climate scientist changed data prove belief offense nasa data prof getting warmer prove however man caused,Negative,-0.2325,37,62.0
2021-09-23 01:57:43+00:00,die back going horrendous,Negative,-0.8271,1,
2021-09-23 01:45:28+00:00,lowest smoothing,Negative,-0.3818,0,
2021-09-22 23:57:58+00:00,im still waiting next ice age scare,Negative,-0.4939,2,6.0
2021-09-22 23:44:34+00:00,sad matter time,Negative,-0.4588,0,
2021-09-22 22:33:02+00:00,denying human involvement climate change change fact data revealing,Negative,-0.34,9,
2021-09-22 22:32:27+00:00,oh dear,Positive,0.3818,0,
2021-09-22 19:56:33+00:00,ruth crowl frank bulbeck wow,Positive,0.5859,0,
2023-07-15 06:19:49+00:00,thats correct pattern also alternate within seismograph chart concerning orbital plain triannual process reoccurs within planet equinoxesour seasonsthey correlate,Neutral,0.0,0,
2022-10-26 16:40:49+00:00,im kinda surprised troll blaming earth natural cycle havent already chimed,Neutral,0.044,54,14.0
2022-10-27 03:43:12+00:00,hey nasa chance could give u annual fuel usage last year,Positive,0.25,6,5.0
2022-10-26 20:53:57+00:00,really good analogy effect co atmosphere,Positive,0.4927,4,
2022-10-26 18:25:43+00:00,confuses coat getting puffier alltime cold record still broken normal,Negative,-0.6597,13,42.0
2022-10-26 16:34:59+00:00,stop increasing amount co,Negative,-0.296,4,17.0
2022-10-26 21:22:10+00:00,question nasa calculate average worldwide temperature,Neutral,0.0,0,6.0
2022-10-26 17:35:44+00:00,drink water observemaybe,Neutral,0.0,0,
2022-10-26 18:40:30+00:00,able know c atmosphere,Neutral,0.0,1,5.0
2022-10-26 22:41:27+00:00,term raw co ppm difference greater difference last ice age something think,Positive,0.3612,3,
2022-10-27 10:46:09+00:00,know people say earth climate changing since long people started using coal gas oil well theyre correct climate change magic climate change earth orbit varies isnt perfect oval planet orbit perfect tiny bit change orbit mean get slightly warmth sun one phase slightly less tiny amount variation orbit called milankovitch cycle little less sun cause ice age warm spell earth atmosphere warms smidge ocean warm warm release carbon dioxide cool absorb carbon dioxide nature gas theyre absorbed cool water released water warms think pot boiling water releasing bubble carbon dioxide co trap heat co level air rise atmospheric temperature increase cause co released ocean raise temperature positive feedback loop orbit cooler phase temperature fall co level slowly go back cooling take longer warming ice age co level part per million ppm warm spell co ppm consistent system year heat cool slowly ppm back forth problem isfor year weve digging fossil fuel burning adding co atmosphere gigatons co every year co level atmosphere ppm carbon dioxide trap heat like throwing another blanket bed climate change causing climate change permafrost siberia thaw gigatons methane gas released methane trap time heat co oncefrozen siberia burning release co melting glacier mean earth loses reflectivity absorbs heat cause melting,Positive,0.8912,2,
2022-10-26 21:46:34+00:00,think emission greenhouse gas never stop long human still need material industry mining never stop without mining life different today everything see world today mining stop mining stop greenhouse gas emission,Positive,0.6759,1,12.0
2022-10-26 22:58:24+00:00,people hope refer big greedy one big manufacturing industry swim ocean plastic everything packaging bread plastic clothing mostly everything household,Positive,0.1531,0,1.0
2022-10-26 20:27:30+00:00,great metaphor,Positive,0.6249,1,
2022-10-26 21:45:50+00:00,excellent analogy,Positive,0.5719,0,
2022-10-27 00:00:34+00:00,love hate nasa need use st grade metaphor convey message,Positive,0.128,0,
2022-10-27 05:56:35+00:00,actually current pledge emission reduction still adding insulation layer year year next year minimum need much quicker,Neutral,0.0,0,
2022-10-26 21:23:46+00:00,hope country reminded emission constantly tracking space fascinating coat puffer,Positive,0.7506,0,
2022-10-26 19:31:18+00:00,nasa climate change bad idea start building self sustaining city dome perfect way life climate abruptly change even possible one data alone priceless future use humble opinion feel like ship sailed trying curtail climate issue,Positive,0.1779,1,11.0
2022-10-26 19:40:45+00:00,people coevolved organism like fungi fungi adapt rapidly warming world able survive human body temperature pose direct growing threat human health,Positive,0.1027,2,
2022-10-26 19:22:29+00:00,similarly confused alltime record heat drought hottest year ever recorded experienced right invisible,Negative,-0.3182,1,
2022-10-26 18:42:51+00:00,thanks philosophy share knowledge partner,Positive,0.6249,0,
2022-10-26 19:21:28+00:00,fuel restriction general speed limit dropped kmh filling station closed overnight made long distance travell difficult truck allowed take freight town train used country huge drop fuel used well disproportionate drop traffic accident death got thinking carbon million year collected earth hundred digging releasing atmosphere point make difference also thought chemical us oil use point however people using climate change nefarious end u favor people sense attack effort reverse climate change,Negative,-0.8957,0,3.0
2022-10-29 22:18:23+00:00,sadly,Negative,-0.4215,0,
2022-10-26 19:52:12+00:00,james procak expanding heat allows cold drop change current would keep cold dropping area colder temperature youve seen extreme weather event happening often event occurred maybe fifty year occurring every year,Negative,-0.2732,1,
2022-10-26 17:46:41+00:00,manuel edgardo lugo recart,Neutral,0.0,1,
2022-10-31 03:54:06+00:00,,Neutral,0.0,0,
2022-10-31 03:54:28+00:00,need fast urgent funding deal loss damage,Negative,-0.5719,0,
2022-10-26 19:29:42+00:00,brody smith,Neutral,0.0,0,
2022-12-12 13:34:22+00:00,jim vb,Neutral,0.0,0,
2022-10-26 16:02:42+00:00,climatechange jpl anthropocene,Neutral,0.0,1,2.0
2022-10-26 17:26:05+00:00,mean continue destroy natural carbon removal system add crap dont really need,Negative,-0.5574,4,1.0
2020-09-16 01:11:15+00:00,taking advantage naive climate changing since beginning time little affect earth corrects time,Neutral,-0.0258,1,3.0
2020-09-16 12:01:08+00:00,prediction based faked computer parameter,Neutral,0.0,2,11.0
2020-09-17 17:56:19+00:00,earth changing since conception believe global warming would away combustion enginesinstead spending country money pay buying car better gas mileage like president first came office nd would eliminate plastic kid much plastic coffee tin water glass car headlight glass island pacific made plastic alaska glacier ot melt folk wise let protect god gift u mother earth,Positive,0.936,0,1.0
2020-09-17 04:56:23+00:00,exactly long keeping record clearly blink eye historical term,Positive,0.4019,1,1.0
2020-09-16 01:54:28+00:00,greenhouse gas carbon dioxide getting earth would also mean getting denser cloud going elevation since ride carbon dioxide oxygen mix,Neutral,0.0,1,2.0
2020-09-15 22:28:57+00:00,cut crap socalled expert tried scare u death saying headed another ice age bet liberal loon block post stop trying cram crap throat,Negative,-0.9552,11,12.0
2020-09-16 21:17:02+00:00,time already longrun make difference global temperature reduction far late gross stupidity human race undoing serf right pitiful arrogance humanity extinct planet heal eon time distant future become paradise human harmed,Negative,-0.8885,0,1.0
2020-09-17 14:39:50+00:00,temperature rising rising magma warming ocean temperature well land evident increasing earthquake volcanic eruption,Positive,0.4019,1,14.0
2020-09-16 01:56:32+00:00,b democrat behind volcano dump auto forest mismanagement wast coast environmental st would let log old groth would nevet happened,Negative,-0.3818,1,2.0
2020-09-16 05:25:27+00:00,show u year graph show u year graph ocean level,Neutral,0.0,1,10.0
2020-09-16 04:26:36+00:00,climate change always full motion life volcanic planet every burb volcano put gas carbon monoxide china city combine want money back thief,Negative,-0.4767,2,3.0
2020-09-15 21:25:05+00:00,wish simply old news people cared wealthiest powerful wish didnt fight save beautiful healthy planet,Positive,0.9064,27,6.0
2020-09-15 22:15:25+00:00,anyone nasa explain climate change president maybe short childrens book lot picture maybe puppet,Neutral,0.0,22,
2020-09-16 01:22:28+00:00,thank nasa climate change making difference get really despondent sometimes path towards disaster seem treading make heart happy see people still fighting good fight,Negative,-0.5413,18,8.0
2020-09-15 23:08:47+00:00,current ruling class control global politicaleconomy power continue burning fossil fuel build sustainable energy infrastructure power meet need displaced people who life destroyed climate change leave die cursory look even recent history dealing environmental disaster displaced people katrina puerto rico fire migrant crisis border mexico mediterranean etc show decision make uniquely evil people logic capital incentive near obligation maintain growth maintain bottom line fight climate change need fight apocalyptic class worker people every day reproduce world around u power change world weapon withholding labor force capital bend imagine would include allowing world burn destroying loved one future work together organize neighborhood workplace etc power challenge system killing u join union join socialist organization fight back street read lenin anyone else think could help arm theory take seriously future,Negative,-0.9833,6,
2020-09-15 21:55:18+00:00,disaster talked earth moving continent move back together united state moving south east fast moving causing global warming moving towards warm dont look move one inch south every year east every year global warming,Positive,0.2023,12,13.0
2020-09-15 23:41:15+00:00,wow well suppose ultimate expert gw mother nature saying think shes trying tell u something matter whose fault whether changing weather pattern cyclical maybe ought put head together figure future planet kid grandkids thanks,Positive,0.7351,5,1.0
2020-09-16 00:30:03+00:00,fastest way reduce car emission promote affordable housing near job place people close enough work walk street safe cyclist seeking affordable housing seeking job opportunity large number people commute minute one way,Positive,0.8225,4,2.0
2020-09-15 23:04:40+00:00,keeping family together work helping keep building may come bad situation landwe cant stop pandemic stay together thing change,Negative,-0.1058,4,8.0
2020-09-16 14:44:35+00:00,people comment section havent dedicated entire life science likely get news youtube trying school nasa climate change work,Negative,-0.357,3,
2020-09-15 22:30:24+00:00,data scientific information however mercy rich minority stop anything profit,Positive,0.7783,6,
2020-09-15 23:26:19+00:00,plant tree stop building mall build old part city save land redo old neighborhood acre develop ohio day gas oil cut billion tree past year yes thing,Positive,0.3818,2,
2020-09-16 06:08:13+00:00,change climate magnetic field planet affected causing rising magma increased earthquake volcanic activity man made greenhouse gas would quit deforestation would less co tree absorb greenhouse gas give back oxygen research find fire starting western u fault line volcanic field,Negative,-0.5574,1,1.0
2020-09-15 21:42:37+00:00,natural disaster hard security wish get better,Positive,0.6124,1,
2020-09-16 22:30:20+00:00,global warming seems accelerating,Positive,0.1531,1,
2020-09-16 15:02:59+00:00,glacier melting sea level rising cloud forest dying wildlife scrambling keep pace become clear human caused past century warming,Positive,0.4939,1,
2020-09-15 23:27:03+00:00,close air must go solar power eliminate fossil fuel die virus thought extinct find frozen arctic,Negative,-0.5994,3,2.0
2020-09-16 03:43:47+00:00,seems wildfire happen everywhere california place wildfire limitd place,Neutral,0.0,1,9.0
2020-09-16 04:58:35+00:00,outdoors man baltimore year baltimore oriole like cool air winter mild never seen one year warmer stayed north didnt come back,Positive,0.7184,0,
2020-09-16 00:01:07+00:00,real truth president dont beleived one support catstrofe texes paid serve u u pay work u country beg help right,Positive,0.3274,1,
2020-09-17 17:39:29+00:00,say change k ow thing must happen get watch happeningin way understandas nuch human kinda interestingknowng whats way,Neutral,0.0,0,
2020-09-16 00:24:42+00:00,need combat climate change people earth survive,Negative,-0.34,2,
2020-09-16 01:00:17+00:00,academic consultant ipcc international panel climate change un infamously falsified data deleting whole data set,Negative,-0.3818,0,
2020-09-16 01:11:19+00:00,many factor involved going type book yes planet natural change since industrial revolution mankind abuse taken toll,Neutral,-0.0,0,
2020-09-16 18:20:23+00:00,best aug ever maybe protest rich people jet extra large house,Positive,0.7783,0,
2020-09-16 01:21:03+00:00,whats like th hottest year record year long take people learn,Positive,0.3612,1,
2020-09-16 01:56:05+00:00,happened introduced cause progression,Neutral,0.0,0,1.0
2020-09-16 11:37:04+00:00,please send informative article scientifically stunted president enough people would may annoy somewhat course report cant read may little good sending anything,Positive,0.2516,0,
2020-09-16 15:16:27+00:00,going give wyoming wonderful year around climate going put everyone want move,Positive,0.6124,0,1.0
2020-09-16 19:26:46+00:00,reason happened planet dying one u one tree planet thats help everyone future special future kid better oxygen everything happening fault mistake later ask,Positive,0.4939,0,
2020-09-15 22:21:06+00:00,lot new thing happening atmosphere affect daily climate activity must pay attention reality u,Negative,-0.1027,0,1.0
2020-09-16 00:36:01+00:00,hottest decade still today weve cooling ever since,Neutral,0.0,0,
2020-09-15 21:32:15+00:00,play partas world need better,Positive,0.6486,4,
2020-09-16 20:43:42+00:00,,Neutral,0.0,0,
2020-09-16 01:01:41+00:00,know climate record reliably go back year,Neutral,0.0,0,
2020-09-15 23:54:40+00:00,northern hemisphere summer,Neutral,0.0,0,
2020-09-16 13:49:40+00:00,pen que estaba sola en el tema de salvar el planeta yo lo estoy haciendo desde mi trabajo aunque le guste mi jefe yo evito utilizar hojas de papel para de esta manera ayudar al planeta que se quede sin menos rboles la grandes industria esto le importa ni mi jefe tampoco pero si menos escrito menos copia habr deforestacin tendremos un aire limpio para respirar,Negative,-0.5574,0,
2020-09-16 01:50:01+00:00,poi e preocupantemas acreditem actual president que para ele e tudo falso como pandemia cove mentiras que da nacao e final tenta desculpar se com covardia tentando sacudir agua capote,Neutral,0.0,0,
2020-09-17 16:07:57+00:00,would happen global cooling,Neutral,0.0,0,1.0
2020-09-16 11:04:27+00:00,comment post terrifying didnt realize right think nasa hoax god help u,Negative,-0.25,3,
2020-09-15 21:57:11+00:00,degree change reading right,Neutral,0.0,0,7.0
2020-09-16 03:48:18+00:00,great science hard deny,Positive,0.3182,0,
2020-09-16 10:04:15+00:00,comment fun read entertained planet dumbest science denier one thread,Positive,0.0516,2,
2020-09-16 12:55:51+00:00,lokepasa ke usa tiran mucho plstico eso est echando perder losdrenajes la agua del mar animales mueren por eso en mxico fa alatienda llano tedan el mandado embolsa ya notaron eso,Neutral,0.0,0,
2020-09-16 01:01:24+00:00,quick search say change c change f correct,Neutral,0.0,0,
2020-09-16 10:05:08+00:00,oh climate change effect u,Neutral,0.0,0,
2020-09-16 02:30:41+00:00,human terrible planet,Negative,-0.4767,1,
2020-09-15 22:57:42+00:00,donald trump believe global warming let get president climate going ka put,Positive,0.1531,1,
2020-09-16 16:00:45+00:00,glad nasa doesnt let troll denialists go unchallenged,Positive,0.4588,2,
2020-09-16 04:27:15+00:00,crazy people negate science like draw huge picture show evidence still scream bullshit lol wont realize late,Negative,-0.3182,2,1.0
2020-09-15 22:28:14+00:00,wrote researched term paper professor uno stated learned something titled global warming greenhouse effect junior year course retired biology teacher conversation high school friend since going happen planet dont take care much voiced yall already know,Positive,0.2896,4,6.0
2020-09-16 00:55:14+00:00,e triste todo lo que esta pasando todo se destruye por toda compaas luego siembran nada de rboles yo en mi casa tengo muchas sembrados muchas bendiciones pueblo,Neutral,0.0,0,
2020-09-16 01:53:03+00:00,agree climate change,Positive,0.3612,1,3.0
2020-09-16 01:43:27+00:00,love tu ecologic tying positive bendyciones,Positive,0.8316,0,
2020-09-15 22:56:11+00:00,earth life,Neutral,0.0,0,
2020-09-15 23:36:23+00:00,save planet,Positive,0.4939,1,
2020-09-16 01:28:16+00:00,grasias ami tambien da mucha tristeza como danamos nuestro planeta sin aser nada por cuidar nuestra casa de todos amen,Negative,-0.5574,0,
2020-09-16 05:24:28+00:00,yes thank dead november,Neutral,-0.0258,0,
2020-09-15 23:02:32+00:00,ivy pantellaforge comment post made physically ill,Negative,-0.4215,1,
2020-09-16 22:15:41+00:00,move south pole,Neutral,0.0,0,
2020-09-16 02:52:17+00:00,late check mate,Neutral,0.0,0,
2020-09-15 22:58:07+00:00,pues ay que aser algo para salvar nuestro planeta tan ermoso que e nolo cuidamos,Neutral,0.0,1,
2020-09-15 23:11:04+00:00,decade protecting informing americansthank continued service precision challenge climate impact arrive full may better mitigate build resiliency use credible science response nca sr buildbackbetter sprintonclimate,Positive,0.4939,8,
2020-09-16 00:57:31+00:00,global warming science noticed wasnt globalists switched climate change,Positive,0.1531,1,
2020-09-16 16:51:08+00:00,nasa want believe man sole reason temperature increase sure graph thinking cap put show increase well man influence also promote wild sea level increase look sea level graph thinking cap wild rise way man influencing anything earth point carbon isnt poison man flourished warm period man isnt causing flooding rising seal level natural man influence speed occurrence need find alternative energy source need energy cheap energy source cheap energy save life earth expensive energy kill people prepare changing climate cannot use energy cannot afford use need cause save instance know big coastal city run democrat telling need pay green shaman make weather better safer still dumping poison ocean cheaper disposing properly land sight mind except know poisoning ocean tell u coral reef dying caused use energy red tide mysterious origin dump chemical ocean without one acknowledgement damage know dumping ocean wrong right plastic coming oh yeah straw way never found ocean cause ocean dumped garbage starting unravel think cheap energy important universal access human right control access energy control u demand cheap energy save black life demand ocean dumping stop save black life stop idiocy,Positive,0.9846,1,3.0
2020-09-15 22:33:20+00:00,,Neutral,0.0,0,
2020-09-15 21:40:25+00:00,also people forgetting delay factor come greenhouse gas warming experiencing today decade past like pot water stove doesnt come boil immediately im really nervous planet going look sif make far,Negative,-0.1513,11,
2020-09-15 22:35:10+00:00,im southern ontario canada blanketed haze smoke west coast never happened,Neutral,0.0,2,
2020-09-15 22:58:59+00:00,,Neutral,0.0,0,
2020-09-20 17:38:28+00:00,bruce threlfall,Neutral,0.0,0,
2020-09-18 04:03:50+00:00,deed,Neutral,0.0,0,
2020-09-17 14:03:42+00:00,hello people happening lifetime,Neutral,0.0,0,
2020-09-17 12:47:25+00:00,interesting,Positive,0.4019,0,
2020-09-17 00:11:20+00:00,ya going happen,Neutral,0.0,0,
2020-09-16 15:28:05+00:00,soooooo,Neutral,0.0,0,
2020-09-16 13:18:06+00:00,,Neutral,0.0,0,
2020-09-16 12:55:14+00:00,thanks,Positive,0.4404,0,
2020-09-16 11:23:51+00:00,,Neutral,0.0,0,
2020-09-16 09:57:44+00:00,dont agree,Negative,-0.2755,1,3.0
2020-09-16 09:07:29+00:00,,Neutral,0.0,0,
2020-09-16 05:49:03+00:00,,Neutral,0.0,0,
2020-09-16 03:53:39+00:00,among thing,Neutral,0.0,0,
2020-09-16 01:07:12+00:00,,Neutral,0.0,0,
2020-09-16 00:43:23+00:00,wake people,Neutral,0.0,0,
2020-09-16 00:33:57+00:00,,Neutral,0.0,0,
2020-09-16 00:33:24+00:00,fake,Negative,-0.4767,0,
2020-09-16 00:11:13+00:00,,Neutral,0.0,0,
2020-09-15 23:53:57+00:00,,Neutral,0.0,0,
2020-09-15 22:59:03+00:00,vote,Neutral,0.0,3,
2020-09-15 22:32:01+00:00,msfloodpreventioncom save life land,Positive,0.4939,0,
2023-12-14 18:54:00+00:00,cant help notice hot spot world map many thermometer isnt worldwide temperature map generated model fill area without data,Negative,-0.3089,28,34.0
2023-12-14 20:00:40+00:00,becoming trend paying attention,Neutral,0.0,12,
2023-12-14 21:44:26+00:00,good game forfeit,Positive,0.4404,0,1.0
2023-12-20 18:15:56+00:00,solar maximum affect earth core way atmosphere weather,Neutral,0.0,0,
2023-12-14 18:40:45+00:00,ok like billion year im sure there time even hotter even colder stop twist thing fit narrative,Positive,0.743,24,40.0
2023-12-14 18:14:16+00:00,much denial propaganda dont understand basic science part threat life ignorance selfishness,Negative,-0.8625,20,
2023-12-17 16:40:35+00:00,every day course weve really beautiful summer day ventura county december,Positive,0.6361,0,
2023-12-16 17:07:11+00:00,caused human activity biggest lie get outta nasa climate change,Neutral,0.0,9,2.0
2023-12-17 16:43:53+00:00,denialists conspiracists show every time,Neutral,0.0,3,
2023-12-14 18:02:20+00:00,government promotes fear funding young live life free nonsense,Negative,-0.0516,10,15.0
2023-12-15 22:42:43+00:00,one thing common among climate change denier low intelligence seen clearly comment section,Positive,0.296,14,
2023-12-15 04:40:57+00:00,cant give basic description law thermodynamics closed system nothing crazyjust general overview law apply earth systemsjust top head listen opinion climate change self proclaimed critical thinker think understand complexity climate change crack,Negative,-0.128,3,3.0
2023-12-14 22:37:45+00:00,another site climate change hoax collapsed devastating series research paper published revealing human activity account c rise global temperature meaning human activity targeted radical climate change alarmist combustion engine airplane flight diesel tractor virtually measurable impact temperature planet finnish scientist spearheaded research releasing paper entitled experimental evidence significant anthropogenic climate change supported researcher kobe university japan published nearly simultaneous paper reveals change planet magnetic field govern intensity solar radiation reach lower atmosphere causing cloud formation alters global temperatureshat study published nature called intensified east asian winter monsoon last geomagnetic reversal transition,Negative,-0.6597,17,30.0
2023-12-15 19:32:02+00:00,solar flare high activity nothing higher november temperature interesting human activity cause huge impact planet change nuclear testing hydrogen bomb hugely used tested past zero accountability government world cfc blame towards hole ozone interestingly nuclear testing sensitive layer atmosphere happened nuclear testing stratosphere huge sham lack accountability real party responsible,Positive,0.7269,5,11.0
2023-12-14 16:59:04+00:00,love weather couldnt better winter unless would love,Positive,0.7902,6,5.0
2023-12-15 11:44:47+00:00,normal entering cycle happened mammoth extinguished neanderthal atlantis ice age great flood men healthy ocean som cooled planet helped thousand people survived december unable stop change protect,Positive,0.8885,7,14.0
2023-12-22 15:27:58+00:00,forgot huge information climatic changment time take full day important information need added calculation easy understand climat change normal put chiken heat f h put f h change condition meat receive heat priod well earth heat time climate getting burn long time,Positive,0.7964,0,
2023-12-14 19:54:36+00:00,thought el nio,Neutral,0.0,1,
2023-12-14 18:22:30+00:00,john kerry rescue private jet,Positive,0.5106,4,1.0
2023-12-15 16:43:54+00:00,happens politician charge climate policy instead scientist,Neutral,0.0,6,
2023-12-14 23:29:27+00:00,nasa reliable source really dont understand people ignorant,Positive,0.2057,18,31.0
2023-12-15 13:52:43+00:00,la tendencia del calentamiento se mantiene genus incertidumbre preocupacin superaremos la meta del c hay duda,Neutral,0.0,0,
2023-12-15 19:30:04+00:00,wonder population anything,Neutral,0.0,1,1.0
2023-12-15 03:23:16+00:00,canadian wilfires effect,Neutral,0.0,1,3.0
2023-12-14 17:59:40+00:00,vielleicht ist ja die nordhalbkugel zz etwas mehr der sonne zugeneigt,Negative,-0.5994,0,
2023-12-15 07:54:52+00:00,friend ben ben think climate change hoax think scientist study corrupted big climate dunno,Positive,0.2732,0,1.0
2023-12-15 15:47:22+00:00,agenda nasa pushing,Neutral,0.0,4,13.0
2023-12-14 20:33:40+00:00,joe figured fix,Neutral,0.0,6,1.0
2023-12-14 17:29:18+00:00,everyone know whats going happen happening make change yet moving faster towards catastrophic future,Negative,-0.4939,34,10.0
2023-12-14 22:58:57+00:00,oooooohotoooooobad,Neutral,0.0,0,
2023-12-15 05:06:23+00:00,,Neutral,0.0,0,
2023-12-14 22:14:03+00:00,,Neutral,0.0,0,2.0
2023-12-14 19:44:08+00:00,move thermometer back tarmac,Neutral,0.0,0,17.0
2023-12-15 07:25:17+00:00,reason global augmentation temperature,Neutral,0.0,0,4.0
2023-12-14 22:33:46+00:00,human extinction carbon atmosphere vanish earth return whatever climate trend would happened without u,Neutral,0.0,0,6.0
2023-12-14 17:19:36+00:00,november december coldest ever sweden snow since middle november getting c,Neutral,0.0,21,19.0
2023-12-14 17:37:14+00:00,back used wear sweater christmas honduras hot need inside room ac world changed get f something unprecedented,Neutral,0.0,4,4.0
2023-12-14 21:06:38+00:00,edward motzi sound like,Positive,0.3612,2,
2023-12-15 21:05:42+00:00,there still plenty flat earthers around,Neutral,0.0,0,
2023-12-15 02:03:06+00:00,happened,Neutral,0.0,2,93.0
2023-12-15 02:31:07+00:00,cada ao ser m caliente,Neutral,0.0,0,
2023-12-15 11:10:31+00:00,,Neutral,0.0,0,1.0
2023-12-24 07:26:22+00:00,time,Neutral,0.0,0,
2023-12-25 13:34:39+00:00,heavy rain heiker mendozaa,Neutral,0.0,0,
2023-12-16 18:20:51+00:00,,Neutral,0.0,3,9.0
2023-12-15 11:02:48+00:00,b,Neutral,0.0,3,1.0
2023-12-15 19:04:09+00:00,rate breath per minute join indoor air quality movement stay informed alert guiding leave area air pollution may pose health risk time inflationreductionaction energyreductionaction,Positive,0.2732,0,
2023-12-15 14:26:45+00:00,turd stain think funny,Positive,0.4404,0,
2023-12-14 21:29:19+00:00,fake garbage nasa lie,Negative,-0.4767,1,
2023-12-14 17:25:52+00:00,b,Neutral,0.0,1,
2021-10-31 16:30:32+00:00,agw linear,Neutral,0.0,3,17.0
2021-10-31 16:02:45+00:00,cue denier screaming fake news,Negative,-0.802,24,18.0
2021-10-31 20:33:24+00:00,note climb really start exactly china massive industrial development began,Neutral,0.0,4,14.0
2021-11-01 15:42:25+00:00,gaslighted heard time science global temperature measured probably easy nasa fool believe successful campaign look weather chaotic always hear think real problem appeal authority logical fallacy subject rife check opposing thought subject mostly scientist longer anything lose professor emeritus retired climate scientist tell truth orbit jupiter climate carbon sun major factor along water vapor plant die ppm carbon ppm big deal ice age carbon ppm research people,Negative,-0.7269,120,72.0
2021-11-02 06:13:57+00:00,amazing see locked warming since like turning point hit,Positive,0.7845,4,
2021-10-31 16:09:28+00:00,thats one scary graph costume,Negative,-0.4939,3,
2021-11-01 07:04:01+00:00,nasa climate change post graphic industry revolution relation co emission gas affect climate regard,Neutral,0.0,0,1.0
2021-11-01 11:27:28+00:00,yep remember cooler halloween,Positive,0.296,1,
2021-11-02 01:11:13+00:00,agree stop burning stuff probably never least lifetime,Positive,0.0772,0,
2021-11-03 13:55:11+00:00,soon possible change lifestyle,Neutral,0.0,0,
2021-11-01 15:56:25+00:00,wish shared could also share response doubter comment theyre brilliant,Positive,0.8176,1,
2021-10-31 20:48:42+00:00,erin haas brassil check anoka reference post nasa climate graph,Neutral,0.0,0,
2021-11-01 11:28:34+00:00,scary,Negative,-0.4939,0,
2021-10-31 20:22:18+00:00,planet especially earth ecosystem including human experiencing constant threat extinction humanity first climate crisis pandemic near earth flying object eg appophis asteroid ozone layer destruction magnetic field altering weakening speaking already techogenical catastrophs people thinking would helphul ourselvesbut till sceptic denying clear sign,Negative,-0.936,3,
2021-10-31 18:40:27+00:00,need know climate changeno one define big scary phrase used part moneywhich come think everything used part money seen coming,Negative,-0.4939,34,30.0
2021-11-04 02:23:09+00:00,congress negotiating away planet protection oil gas glutton winning fight time want remain hopeful getting tougher,Positive,0.7269,0,1.0
2021-11-03 20:01:07+00:00,good visual representation memory many u colder growing,Positive,0.5574,1,
2021-11-03 13:13:37+00:00,jusst jess,Neutral,0.0,0,
2021-11-02 23:20:23+00:00,carbon increase oxygen decrease graph nitrogen atmo shame cant use energy,Negative,-0.3847,0,3.0
2021-11-02 14:10:42+00:00,industrial revolution beginning end human specie,Neutral,0.0,0,
2021-11-02 10:42:40+00:00,woah nasa scariest halloween post ive seen year,Neutral,0.0,3,
2021-11-02 08:34:49+00:00,nasa climate change surely drop mic bravo,Positive,0.2023,2,
2021-11-01 20:18:58+00:00,bp c rise global surface temperature less century followed equally precipitous drop c less century anybody ever explained petit et al nature wover citation retreat laurentide glacier current location moraine ohio began year ago want know gain control global surface temperature power never going bring glacial ice pack way back cover dayton enough smother canada climate change gave u canada dont hate canada also gave u lake erie niagara fall nantucket marthas vineyard cape cod british isle scandinavia switzerland love cheese chocolate dont hate switzerland youre ever almenalp kander valley imagine kandersteg meter pack ice look alpine pasture opposite side,Positive,0.8956,5,11.0
2021-11-01 19:20:49+00:00,blaming deamoning industrialization western industrialization cause know cause kindly direct statement causing nation upgrade industrialization accommodate climate improvement,Positive,0.4588,2,
2021-11-01 17:36:50+00:00,give nasa internet liberated google scientist say youre fake let u naturally warming flat earth,Negative,-0.3612,5,
2021-11-01 12:49:15+00:00,fact house built miami south florida fireplace none anymore slowly eliminated new housing constructed north go,Neutral,0.0,1,
2021-11-01 10:46:34+00:00,thanks defining anomaly context tiresome explain term repeatedly people cannot bothered look,Positive,0.5943,19,3.0
2021-11-01 07:50:31+00:00,mother earth sorrow something,Negative,-0.5267,0,
2021-11-01 07:35:39+00:00,evidence scream collision course bad future change asap time politician get penguin ass enforce change industry reverse ominous trend,Negative,-0.9274,3,
2021-11-01 05:26:12+00:00,recurring cycle dont plan prepared destruction come,Positive,0.3252,0,2.0
2021-11-01 04:44:57+00:00,depressing,Negative,-0.3818,0,
2021-10-31 23:38:16+00:00,remember famous study climate science supported consensus humancaused climate change well published update paper journal environmental research letter figure drumroll please,Positive,0.6908,15,
2021-10-31 21:04:51+00:00,elizabeth kolbert said book sixth extinction man doomed sixth extinction act aggressively immediately address climate change,Negative,-0.7579,37,
2021-10-31 19:15:08+00:00,bad dont see oct keep going back find medieval warming period peak high back well little ice age,Negative,-0.2023,62,52.0
2021-10-31 16:14:34+00:00,scary great graphic remind everyone correlation causality know even though kid want halloween warm advent trick treating wish cause global temperature rise since consult expert know even far shown single graph edited clarity,Positive,0.8074,9,22.0
2021-10-31 16:13:21+00:00,wow year year didnt know,Positive,0.5859,1,
2021-11-01 19:44:03+00:00,jimmy valmer,Neutral,0.0,0,
2021-11-02 22:20:56+00:00,big lier earth flat weather warmnes beacause harp chemtrails andthat friend weather control new enorm,Positive,0.4939,0,
2021-10-31 20:21:34+00:00,small consolation itll high darkness fall live hopefully fewer folk burning wood triggering asthma attack misery among young old alike,Negative,-0.7269,1,
2022-12-22 18:12:11+00:00,hope someday attain level patience person running nasa social medium,Positive,0.4404,126,14.0
2022-12-24 13:24:57+00:00,great post nasa climate change doubt fossil fuel troll soon force,Positive,0.3818,7,
2022-12-22 17:45:43+00:00,weather climate climate allows extreme weather whether extreme heat cold extreme drought extreme precipitationsnow,Neutral,0.0,17,4.0
2022-12-23 05:54:15+00:00,amazing well educated people know still claim global warming today sheer coincidense hence continuing hide head sand also cant seem get head much hot weather aboutextreme weather plenty,Positive,0.7003,8,8.0
2022-12-22 16:55:06+00:00,thank research sticking science people want politicize,Positive,0.4215,43,
2022-12-22 21:41:52+00:00,perhaps new life born solution problem,Negative,-0.1027,0,7.0
2023-04-02 21:07:57+00:00,getting warmer ever since end little ice age surprising,Positive,0.4654,0,
2022-12-22 23:04:04+00:00,ppm co level atmosphere million year ago found graph claim ppm wanted see thats legit though correlation co atmosphere global avg temp anything go would explain large portion life earth cold blooded right,Neutral,0.0,0,4.0
2022-12-22 17:20:18+00:00,another graph listened randall carlson talk historic temperature sea level change source information nasa go recordsid like compare chart nasa chart go back around year ago,Positive,0.3612,10,27.0
2022-12-22 17:13:36+00:00,denier dont realize may degree colder much warmer somewhere else planet thermal energy doesnt disappear,Positive,0.354,38,1.0
2022-12-22 17:14:46+00:00,nasa climate change well climate station dispersed assumption made term comparability data back make much sense post data point individual month,Positive,0.2732,28,26.0
2022-12-23 03:05:33+00:00,temperature increase constantly rising data suggest extreme frequent hope also include extreme maybe next extreme predicted,Positive,0.6369,0,
2022-12-23 02:49:39+00:00,pleasenasa climate change every year world emits billion ton greenhouse gas atmosphere prevent climate catastrophe need reduce number zero year must act sothis measure general consumption rate planet year ad know general consumption rate year ad thank much answer love wish continued success,Positive,0.8442,1,6.0
2022-12-23 13:58:31+00:00,,Neutral,0.0,0,
2022-12-23 01:46:05+00:00,stage like temperature drop graph,Positive,0.1027,0,2.0
2022-12-22 16:55:15+00:00,,Neutral,0.0,0,
2023-01-12 00:14:21+00:00,next time youre sitting bumper bumper traffic car lined see realize every car expels pound carbon per gallon burned add,Negative,-0.3818,0,
2022-12-22 17:13:44+00:00,cite cold day evidence global warming stephen colbert said world hunger ate lunch,Negative,-0.1027,55,2.0
2023-01-09 19:11:04+00:00,area country pa lot snow plowing people republican emission law karma btch,Neutral,0.0,0,
2022-12-22 23:58:58+00:00,politician keep hand scientist well done nasa forreal,Positive,0.6486,0,
2022-12-23 13:49:13+00:00,funny every winter big blizzard clown use proof global warming true unfortunately significant percentage american vehemently deny reality human induced global warning based fact solely based political following science denial republican party one biggest threat planet,Positive,0.0516,3,
2022-12-24 11:48:53+00:00,men argue nature act,Negative,-0.34,0,
2022-12-22 18:47:19+00:00,never seen loess spelled way must american spelling,Neutral,0.0,0,2.0
2022-12-23 07:24:02+00:00,despite amazing scientific research single government world prepared address problem fossil fuel,Negative,-0.5956,1,1.0
2022-12-25 14:58:52+00:00,bring student lacking skill speed greenhouse gas global warming made graphicsrich resource ela sped student became requested college prep honor student starting greenhouse carefully move one idea next bringing student need next link offer deeper related resource humancaused atmospheric change ozone layer cfc global warming stopped global warming industry knew climate change global warming isnt natural here know climate skeptic like galileo cause california wildfire discovery global warming full century ago globalwarming climatechange teacher ngss stem ecology,Positive,0.7423,1,
2022-12-24 12:00:57+00:00,youve wrong warming since last ice age k year ago guess another ice age one day giant cycle,Negative,-0.3612,0,
2023-01-10 02:22:24+00:00,wow crazy stats,Positive,0.34,0,
2022-12-23 00:55:51+00:00,anyone think impact environment beyond ignorant,Negative,-0.2732,0,
2022-12-22 18:39:09+00:00,subir un grado e demasiado,Neutral,0.0,0,
2022-12-28 16:43:24+00:00,people cause explain still arent ice agein fact people cause climate change explain ice age recovery since cold kill people warm maybe bit global warming good thing,Negative,-0.0772,0,2.0
2022-12-22 23:09:19+00:00,weather like clothes wear particular day climate content wardrobe,Positive,0.3612,1,
2022-12-23 21:54:24+00:00,pourquoi prendre le mois de dcembre ok cest lhiver dans le nord mais cest lt dans le sud,Positive,0.296,0,
2022-12-23 00:22:47+00:00,nous acclrons toujours depuis,Neutral,0.0,0,
2022-12-23 20:20:44+00:00,nasa cant say humancausedglobalwarming doesnt mean selfexonerating pseudonym like global warming climate change land bullseye institutional denialism,Positive,0.4767,0,1.0
2022-12-24 02:07:52+00:00,started industrial age beyond never planet history rapid steady increase significant warming since beginning industrial age one pandemic shut planet drastically reduced amount carbon emission drastically noticeably positive effect slowed activity dramatic instant cant decide global slow down periodically maybe one month every year,Positive,0.8074,1,
2022-12-28 23:28:24+00:00,denier im going say short ignorance isnt bliss mean youre ignorant honestly,Negative,-0.7268,0,
2022-12-23 00:52:06+00:00,many muppets trying argue scientist satellite data hahaha,Positive,0.296,0,
2022-12-22 22:10:28+00:00,ill bet talking global cooling,Negative,-0.4215,0,
2022-12-28 15:52:52+00:00,,Neutral,0.0,0,
2023-01-11 05:28:35+00:00,fake number,Negative,-0.4215,0,
2022-12-23 02:33:48+00:00,many people understand basic fact weather climate,Neutral,0.0,4,1.0
2023-01-11 04:17:21+00:00,people absolutely nut,Neutral,0.0,0,
2023-01-06 19:05:40+00:00,greenhouse effect concerned infrared radiation given earth sun radiation basically pass oxygen nitrogen earth atmosphere land earth surface absorbed reflected back atmosphere part radiation bounce greenhouse gas return absorbed earth greenhouse gas ghgs water vapor ho carbon dioxide co nitrous oxide methane ch long co remain atmosphere difficult question several process remove carbon dioxide atmosphere co released air dissolve ocean period year rest removed several hundred thousand year according ipcc fourth assessment report co increase removed atmosphere within year another removed within century remaining may stay atmosphere thousand year mean could stop carbon dioxide emission tomorrow carbon dioxide atmosphere would continue warm climate thousand year methane ch contrast persists year thus even though methane time potent carbon dioxide effect relatively shortlived furthermore methane increased ppb ppb today notice part per billion part per million emission carbon dioxide atmosphere causing global warming much earth warm year depends upon many billion ton carbon dioxide emitted atmosphere general rule trillion ton additional carbon dioxide atmosphere actually billion translate ppm additional carbon dioxide also ppm additional carbon dioxide translates f c global warming verified fact preindustrial carbon dioxide ppm ppm period planet warmed c scientist measured amount atmospheric carbon dioxide corresponds ppm found corresponds billion metric ton co atmosphere therefore order increase global temperature c would need x billion billion metric ton carbon dioxide metric ton equal kilogram x pound u country world use metric ton world pumped billion metric ton u gt carbon dioxide atmosphere average per caput emission carbon dioxide metric ton per person per year year billion people therefore businessasusual scenario expect world emit x billion metric ton atmosphere per year average billion ton next year ie accumulation trillion ton co less tt due carbon sink ocean almost saturated co world accumulation tt carbon atmosphere dividing trillion ton co million c f mean world f warmer rise sea level come two distinct process water expansion foot due added f increased temperature melting ice mainly greenland foot antarctica foot total foot well increased extraction groundwater due irrigation although usually notice water expands slightly get warmer second potentially greater contribution rising sea level come melting glacial ice antarctica ice greenland ice trillion ton ice remaining tied continental glacier except himalaya melt greenland completely melt raise sea level foot meter antarctica completely melt add foot meter sea level rise year predict fossil fuel almost depleted coal may last temperature rise level model predicts greenland losing gt ice per year end century resulting foot sea level rise addition antarctica add another foot sea level rise adding foot thermal warming result sea level rise foot add foot due melting west antarctic ice sheet wais due collapse pine island thwaites glacier foot sea level rise end century noaa national oceanic atmospheric administration state ocean could rise foot worsecase scenario namely complete collapse wais effect would foot sea level rise u miami one vulnerable place rising sea million american would see home permanently flooded sea level rise foot sea level rise foot million american would see home permanently flooded new study predicts many million american coastal area relocate sea level rise foot meter expect likely scenario addition sealevel rise global warming contributing increase spread insectborne illness cropdamaging pest example disease zika dengue fever chikungunya transmitted mosquito pick disease biting infected people spreading people subsequent bite research shown warmer temperature shorten incubation period mean disease spread rapidly warmer temperature also tend increase geographic range insect global warming also translates extreme weather event higher temperature mean increase energy atmosphere ocean energy drive weather cannot attribute particular storm global warming tie overall trend global warming make logical sense warm ocean water give birth intense weather generally hurricane cannot survive long sea surface cooler f c longer ocean water stay f opportunity hurricane blossom lastly global warming result drought flood water scarcity demand water tripled past year currently half billion people live waterstressed country number expected increase billion vast majority fresh water used agriculture u east coast much water supply come surface water whereas midwest get water supply combination surface water well water well water come underground aquifer ogallala aquifer present rate withdrawal part ogallala aquifer water available irrigation another year,Positive,0.9871,0,
2022-12-27 04:01:11+00:00,co earth thermostat carbon dioxide little nothing global warming co currently traced ppm one carbondioxide molecule every part atmosphere human contribute scant ppm total co accumulated year co hold heat second enough drive climate change thermodynamically impossible also bear mind water vapor earth abundant effective greenhouse gas co earth chg water vapor earth ghg hold heat far longer co lastly co increase temperature rise eg el nino ocean degas conversely co level drop temperature cool word co level influenced heat lack thereof therefore drive climate follow climate clearly co actually thermometer thermostat,Positive,0.7022,0,
2022-12-25 08:20:00+00:00,,Neutral,0.0,0,
2022-12-23 22:57:24+00:00,,Neutral,0.0,0,
2023-01-06 17:20:49+00:00,kevin lay,Neutral,0.0,0,
2023-03-04 12:43:59+00:00,look phone case bitlyxmdtc think,Neutral,0.0,0,
2022-12-28 09:50:43+00:00,emen,Neutral,0.0,0,
2022-12-23 22:57:29+00:00,factvxrayy,Neutral,0.0,0,
2020-09-15 22:05:10+00:00,fault,Negative,-0.4019,1,
2020-09-15 22:05:05+00:00,show em,Neutral,0.0,0,
2020-09-15 21:59:55+00:00,,Neutral,0.0,4,
2020-09-15 21:56:22+00:00,iqbal badruddin,Neutral,0.0,0,
2020-09-15 21:52:54+00:00,real concern,Neutral,0.0,0,
2020-09-15 21:52:21+00:00,someone send trump,Neutral,0.0,0,1.0
2020-09-15 21:44:55+00:00,anneliese garcia,Neutral,0.0,0,
2020-09-16 16:27:14+00:00,like government denies global warming well issue issue cut federal funding park throughout united state several year ago theyve never got funding properly back thats many closed road throughout force industry cant even get access place stop wood gathering wood cutting everything save one f squirrel f christ sake open land back people back collect firewood got keep happening get government fault cutting funding forestry department took place year ago never recuperated forgotten,Positive,0.2654,0,
2020-09-15 22:30:56+00:00,people want leave mother earth colonize planet take care one weve got first take cant take care mother earth supposed take care another planet question mother nature angry right mankind way treat time wake late pray late already,Positive,0.886,2,
2020-09-15 23:13:39+00:00,imagine working nasa life study spend day reading jeff explaining baptism degree climate always changed still answer calmly go beyond patience sanctity,Positive,0.3182,15,11.0
2023-12-14 17:17:36+00:00,yes u mean temperature anomaly bit november appears noaa stats declining steadily last year map also appears show warmer temperature recently distributed equitably florida california warm weather arctic,Positive,0.7003,13,42.0
2023-12-14 17:07:49+00:00,oh well least c,Positive,0.2732,3,3.0
2023-12-14 16:55:04+00:00,c paris agreement red line dead c red line life support dr james hansen,Positive,0.1531,16,
2023-12-14 16:51:06+00:00,presume burst heat el nino related least hope otherwise may passed climatic tipping point,Negative,-0.3412,1,9.0
2023-12-14 16:37:46+00:00,fear keep cry wolf wolf appears one care,Negative,-0.4767,13,6.0
2023-12-14 16:31:36+00:00,cause de lactivit humaine et pourtant cela ne gne personne que nous soyons milliard sur terre en,Neutral,0.0,2,1.0
2023-12-14 16:31:22+00:00,going hottest december record,Neutral,0.0,13,25.0
2023-12-14 16:25:05+00:00,terra tem ano nem milho de ano nosso planeta tem mil milhes de ano h milhes de ano durante um recuo sem precedentes do glaciares indica que temperaturas aumentaram significativamente perto final neoproterozico atingindo uma mdia global superior quando mdia global de hoje inferior ao reconstruir temperaturas fanerozico ou aproximadamente ltimo meio milho de ano temperaturas quentes dominaram maior parte desse tempo com temperaturas globais subir repetidamente acima do e do de temperatura medium h cerca de milhes de ano perto equador temperatura mdia estava no impossibilitando vida nessa regioa terra tem ano nem milho de ano nosso planeta tem mil milhes de ano h milhes de ano durante um recuo sem precedentes do glaciares indica que temperaturas aumentaram significativamente perto final neoproterozico atingindo uma mdia global superior quando mdia global de hoje inferior ao reconstruir temperaturas fanerozico ou aproximadamente ltimo meio milho de ano temperaturas quentes dominaram maior parte desse tempo com temperaturas globais subir repetidamente acima do e do de temperatura medium h cerca de milhes de ano perto equador temperatura mdia estava no impossibilitando vida nessa regio,Negative,-0.2023,0,6.0
2023-12-14 16:24:32+00:00,opinion thing physical global temperature secondly nasa involved ranking year based global temperature made different datasets year opinion ranking credible dataset input year year,Neutral,0.0,11,58.0
2023-12-14 16:17:28+00:00,waiting science illiterate come tell u scam math chemistry eludes,Negative,-0.5719,46,3.0
2023-12-14 16:14:23+00:00,gosh people warning literally exact scenario dunno year,Negative,-0.34,32,3.0
2022-12-22 20:57:23+00:00,denier simply care fear u human done irreparable damage earth arrogance indifference greed going perpetuate,Negative,-0.9001,2,
2022-12-22 20:45:56+00:00,second order trend,Neutral,0.0,3,
2022-12-22 20:15:43+00:00,destabilization polar vortex probably due global warming loss sea ice cause warming higher latitude causing polar vortex dip lower latitude,Negative,-0.3182,0,
2022-12-22 19:50:20+00:00,clue adjective global always spatial therefore local variation cold warm overall global trend year unequivocally upwards,Positive,0.2263,1,1.0
2022-12-22 19:39:27+00:00,world population increasing exponential curve people around make mess thing,Negative,-0.3612,3,7.0
2022-12-22 18:08:10+00:00,definitely case last snowy christmas year ago,Positive,0.4019,0,
2022-12-22 18:05:58+00:00,solution back nature,Positive,0.3182,0,
2022-12-22 17:55:09+00:00,dont use hot day summer evidence getting warmer,Positive,0.296,3,3.0
2022-12-22 17:54:41+00:00,also climate change involves severe weather kind,Positive,0.2023,0,
2022-12-22 17:51:29+00:00,cold temperature ignoring change albedo earth heating faster radiation space less incoming radiation top atmosphere without cold,Negative,-0.2878,0,
2022-12-22 17:46:40+00:00,thank happen global temperature graph last year,Positive,0.3612,1,2.0
2022-12-22 17:44:23+00:00,ice fire documentary present explanation cyclical extreme result global warming,Negative,-0.2023,0,
2022-12-22 17:41:51+00:00,denier continue denier lack ability process scientific data thats different believe fact,Negative,-0.6124,6,
2022-12-22 17:21:37+00:00,one hope peak,Positive,0.4404,0,
2022-12-22 17:19:51+00:00,error margin temperature estimation year ago,Negative,-0.4019,1,5.0
2022-12-22 17:12:57+00:00,volenteerly help reducing globall warming,Positive,0.5106,3,
2022-12-22 17:01:12+00:00,sergio yepes,Neutral,0.0,1,
2022-12-22 17:00:08+00:00,experiencing severe abnormal weather pattern climate change real threat sadly believe late,Negative,-0.8316,12,1.0
